{"DAsioLZ/7XOW2IiQXAVyJA==":"img-5521-2000x1500.jpg","cv+XNg3n3OYplxyW9xmPCw==":"3-1288x1719.jpg","cT8bTt5AqxqwzwauedU+zg==":"28-1288x1800.jpg","AdeuF/Z3bFL2JCwElX0k4A==":"1-1288x1837.jpg","8jwKwenduu7xCnIrAo9p7A==":"10-1288x1867.jpg","HfD41C7YYFyBJuDLHtdRsw==":"14-1288x1698.jpg","kFvixUEjFr1IBVRhKirfog==":"23-1288x1219.jpg","KV7pujHPSytACGtNp2BlAQ==":"img-3162-1256x1675.jpeg","5qY+sJNAjPZGRDSSbNbpYg==":"16-1256x1570.jpg","/srHN2HhqTuj/OCBx1maPA==":"7-1256x1728.jpg","OkRUmlfLGiE7RxlqIL6sVQ==":"1.png","9K9c0OHx9YOhvP/8SFitHg==":"1-1.png","1svMD4D3EtCf1WJlBhj1aw==":"mbr-favicon.png"}